P,T,v,u,h,s
0.006117,0.01,206,2374.9,2500.9,9.155
0.006117,20,221.1,2403.1,2538.4,9.288
0.006117,40,236.2,2431.3,2575.8,9.411
0.006117,60,251.3,2459.5,2613.3,9.527
0.006117,80,266.4,2487.9,2650.8,9.637
0.006117,100,281.5,2516.4,2688.6,9.741
0.006117,120,296.6,2545,2726.5,9.84
0.006117,140,311.7,2573.9,2764.6,9.934
0.006117,160,326.8,2602.9,2802.8,10.02
0.006117,180,341.9,2632.2,2841.3,10.11
0.006117,200,357,2661.6,2880,10.2
0.006117,220,372.1,2691.3,2918.9,10.28
0.006117,240,387.2,2721.3,2958.1,10.35
0.006117,260,402.3,2751.4,2997.5,10.43
0.006117,280,417.4,2781.8,3037.1,10.5
0.006117,300,432.5,2812.4,3077,10.57
0.006117,320,447.6,2843.3,3117.1,10.64
0.006117,340,462.6,2874.5,3157.4,10.71
0.006117,360,477.7,2905.9,3198.1,10.77
0.006117,380,492.8,2937.5,3238.9,10.84
0.006117,400,507.9,2969.4,3280.1,10.9
0.006117,420,523,3001.6,3321.5,10.96
0.006117,440,538.1,3034,3363.2,11.02
0.006117,460,553.2,3066.7,3405.1,11.08
0.006117,480,568.3,3099.7,3447.3,11.13
0.006117,500,583.4,3132.9,3489.8,11.19
0.006117,520,598.5,3166.5,3532.5,11.24
0.006117,540,613.6,3200.3,3575.6,11.3
0.006117,560,628.7,3234.4,3618.9,11.35
0.006117,580,643.7,3268.7,3662.5,11.4
0.006117,600,658.8,3303.4,3706.3,11.45
0.006117,640,689,3373.5,3794.9,11.55
0.006117,680,719.2,3444.8,3884.7,11.65
0.006117,720,749.4,3517.2,3975.5,11.74
0.006117,760,779.6,3590.7,4067.5,11.83
0.006117,800,809.7,3665.4,4160.7,11.92
0.01,0.01,0.001,0.000007,0.001007,0
0.01,20,135.2,2403,2538.2,9.06
0.01,40,144.5,2431.2,2575.7,9.184
0.01,60,153.7,2459.5,2613.2,9.3
0.01,80,163,2487.8,2650.8,9.41
0.01,100,172.2,2516.3,2688.5,9.514
0.01,120,181.4,2545,2726.4,9.613
0.01,140,190.7,2573.9,2764.5,9.707
0.01,160,199.9,2602.9,2802.8,9.798
0.01,180,209.1,2632.2,2841.3,9.885
0.01,200,218.4,2661.6,2880,9.968
0.01,220,227.6,2691.3,2918.9,10.05
0.01,240,236.8,2721.2,2958.1,10.13
0.01,260,246.1,2751.4,2997.5,10.2
0.01,280,255.3,2781.8,3037.1,10.27
0.01,300,264.5,2812.4,3077,10.35
0.01,320,273.7,2843.3,3117.1,10.41
0.01,340,283,2874.5,3157.4,10.48
0.01,360,292.2,2905.8,3198.1,10.55
0.01,380,301.4,2937.5,3238.9,10.61
0.01,400,310.7,2969.4,3280.1,10.67
0.01,420,319.9,3001.6,3321.5,10.73
0.01,440,329.1,3034,3363.1,10.79
0.01,460,338.4,3066.7,3405.1,10.85
0.01,480,347.6,3099.7,3447.3,10.91
0.01,500,356.8,3132.9,3489.8,10.96
0.01,520,366.1,3166.5,3532.5,11.02
0.01,540,375.3,3200.3,3575.6,11.07
0.01,560,384.5,3234.4,3618.9,11.12
0.01,580,393.7,3268.7,3662.5,11.18
0.01,600,403,3303.4,3706.3,11.23
0.01,640,421.4,3373.5,3794.9,11.33
0.01,680,439.9,3444.8,3884.7,11.42
0.01,720,458.4,3517.2,3975.5,11.51
0.01,760,476.8,3590.7,4067.5,11.61
0.01,800,495.3,3665.4,4160.7,11.69
0.05,0.01,0.001,0.000081,0.005082,0
0.05,20,0.001002,83.92,83.92,0.2965
0.05,40,28.85,2430.1,2574.4,8.438
0.05,60,30.71,2458.7,2612.3,8.555
0.05,80,32.57,2487.3,2650.1,8.666
0.05,100,34.42,2516,2688,8.77
0.05,120,36.27,2544.7,2726.1,8.869
0.05,140,38.12,2573.6,2764.2,8.964
0.05,160,39.97,2602.7,2802.6,9.055
0.05,180,41.82,2632,2841.1,9.141
0.05,200,43.66,2661.5,2879.8,9.225
0.05,220,45.51,2691.2,2918.8,9.306
0.05,240,47.36,2721.1,2957.9,9.384
0.05,260,49.2,2751.3,2997.3,9.459
0.05,280,51.05,2781.7,3037,9.532
0.05,300,52.9,2812.4,3076.9,9.603
0.05,320,54.75,2843.3,3117,9.672
0.05,340,56.59,2874.4,3157.4,9.738
0.05,360,58.44,2905.8,3198,9.804
0.05,380,60.28,2937.4,3238.9,9.867
0.05,400,62.13,2969.4,3280,9.929
0.05,420,63.98,3001.5,3321.4,9.99
0.05,440,65.82,3034,3363.1,10.05
0.05,460,67.67,3066.7,3405,10.11
0.05,480,69.52,3099.7,3447.2,10.16
0.05,500,71.36,3132.9,3489.7,10.22
0.05,520,73.21,3166.4,3532.5,10.27
0.05,540,75.06,3200.2,3575.5,10.33
0.05,560,76.9,3234.3,3618.8,10.38
0.05,580,78.75,3268.7,3662.4,10.43
0.05,600,80.59,3303.3,3706.3,10.48
0.05,640,84.29,3373.5,3794.9,10.58
0.05,680,87.98,3444.7,3884.6,10.68
0.05,720,91.67,3517.2,3975.5,10.77
0.05,760,95.36,3590.7,4067.5,10.86
0.05,800,99.06,3665.4,4160.6,10.95
0.1,0.01,0.001,0.000174,0.01018,0.000001
0.1,20,0.001002,83.92,83.93,0.2965
0.1,40,0.001008,167.5,167.5,0.5724
0.1,60,15.34,2457.8,2611.2,8.233
0.1,80,16.27,2486.7,2649.3,8.344
0.1,100,17.2,2515.5,2687.4,8.449
0.1,120,18.12,2544.3,2725.6,8.548
0.1,140,19.05,2573.3,2763.8,8.643
0.1,160,19.98,2602.5,2802.2,8.734
0.1,180,20.9,2631.8,2840.8,8.821
0.1,200,21.83,2661.3,2879.6,8.905
0.1,220,22.75,2691.1,2918.6,8.986
0.1,240,23.67,2721,2957.8,9.063
0.1,260,24.6,2751.2,2997.2,9.139
0.1,280,25.52,2781.6,3036.8,9.212
0.1,300,26.45,2812.3,3076.7,9.283
0.1,320,27.37,2843.2,3116.9,9.351
0.1,340,28.29,2874.3,3157.3,9.418
0.1,360,29.22,2905.7,3197.9,9.484
0.1,380,30.14,2937.4,3238.8,9.547
0.1,400,31.06,2969.3,3279.9,9.609
0.1,420,31.99,3001.5,3321.3,9.67
0.1,440,32.91,3033.9,3363,9.729
0.1,460,33.83,3066.6,3405,9.787
0.1,480,34.76,3099.6,3447.2,9.844
0.1,500,35.68,3132.9,3489.7,9.9
0.1,520,36.6,3166.4,3532.4,9.954
0.1,540,37.53,3200.2,3575.5,10.01
0.1,560,38.45,3234.3,3618.8,10.06
0.1,580,39.37,3268.7,3662.4,10.11
0.1,600,40.3,3303.3,3706.3,10.16
0.1,640,42.14,3373.4,3794.9,10.26
0.1,680,43.99,3444.7,3884.6,10.36
0.1,720,45.84,3517.1,3975.5,10.45
0.1,760,47.68,3590.7,4067.5,10.54
0.1,800,49.53,3665.3,4160.6,10.63
0.2,0.01,0.001,0.00036,0.02036,0
0.2,20,0.001002,83.92,83.94,0.296
0.2,40,0.001008,167.5,167.6,0.572
0.2,60,0.001017,251.1,251.2,0.831
0.2,80,8.118,2485.3,2647.7,8.02
0.2,100,8.586,2514.5,2686.2,8.126
0.2,120,9.052,2543.6,2724.6,8.227
0.2,140,9.517,2572.7,2763.1,8.322
0.2,160,9.98,2602,2801.6,8.413
0.2,180,10.44,2631.4,2840.3,8.5
0.2,200,10.91,2661,2879.1,8.584
0.2,220,11.37,2690.8,2918.2,8.665
0.2,240,11.83,2720.8,2957.4,8.743
0.2,260,12.3,2751,2996.9,8.818
0.2,280,12.76,2781.4,3036.6,8.892
0.2,300,13.22,2812.1,3076.5,8.962
0.2,320,13.68,2843,3116.7,9.031
0.2,340,14.14,2874.2,3157.1,9.098
0.2,360,14.61,2905.6,3197.7,9.164
0.2,380,15.07,2937.3,3238.6,9.227
0.2,400,15.53,2969.2,3279.8,9.289
0.2,420,15.99,3001.4,3321.2,9.35
0.2,440,16.45,3033.8,3362.9,9.409
0.2,460,16.92,3066.5,3404.8,9.467
0.2,480,17.38,3099.5,3447.1,9.524
0.2,500,17.84,3132.8,3489.6,9.58
0.2,520,18.3,3166.3,3532.3,9.634
0.2,540,18.76,3200.1,3575.4,9.688
0.2,560,19.22,3234.2,3618.7,9.741
0.2,580,19.69,3268.6,3662.3,9.792
0.2,600,20.15,3303.2,3706.2,9.843
0.2,640,21.07,3373.4,3794.8,9.942
0.2,680,21.99,3444.7,3884.6,10.04
0.2,720,22.92,3517.1,3975.4,10.13
0.2,760,23.84,3590.6,4067.4,10.22
0.2,800,24.76,3665.3,4160.6,10.31
0.5,0.01,0.001,0.000915,0.05092,0
0.5,20,0.001002,83.91,83.96,0.2965
0.5,40,0.001008,167.5,167.6,0.5724
0.5,60,0.001017,251.1,251.2,0.8312
0.5,80,0.001029,334.9,335,1.075
0.5,100,3.419,2511.5,2682.4,7.695
0.5,120,3.608,2541.3,2721.7,7.798
0.5,140,3.796,2570.9,2760.7,7.895
0.5,160,3.983,2600.5,2799.7,7.987
0.5,180,4.17,2630.2,2838.7,8.075
0.5,200,4.356,2660,2877.8,8.159
0.5,220,4.542,2689.9,2917,8.24
0.5,240,4.728,2720,2956.4,8.319
0.5,260,4.913,2750.3,2996,8.394
0.5,280,5.099,2780.8,3035.8,8.468
0.5,300,5.284,2811.6,3075.8,8.539
0.5,320,5.469,2842.5,3116,8.608
0.5,340,5.654,2873.7,3156.5,8.675
0.5,360,5.84,2905.2,3197.2,8.74
0.5,380,6.025,2936.9,3238.1,8.804
0.5,400,6.209,2968.8,3279.3,8.866
0.5,420,6.394,3001.1,3320.8,8.927
0.5,440,6.579,3033.5,3362.5,8.986
0.5,460,6.764,3066.3,3404.5,9.044
0.5,480,6.949,3099.3,3446.7,9.101
0.5,500,7.134,3132.6,3489.2,9.156
0.5,520,7.319,3166.1,3532,9.211
0.5,540,7.503,3199.9,3575.1,9.265
0.5,560,7.688,3234,3618.4,9.317
0.5,580,7.873,3268.4,3662.1,9.369
0.5,600,8.058,3303.1,3706,9.42
0.5,640,8.427,3373.2,3794.6,9.519
0.5,680,8.797,3444.5,3884.4,9.615
0.5,720,9.166,3517,3975.3,9.709
0.5,760,9.535,3590.5,4067.3,9.8
0.5,800,9.905,3665.2,4160.4,9.888
1,0.01,0.001,0.001841,0.1019,0.00001
1,20,0.001002,83.91,84.01,0.2965
1,40,0.001008,167.5,167.6,0.5724
1,60,0.001017,251.1,251.2,0.8312
1,80,0.001029,334.9,335,1.075
1,100,1.696,2506.2,2675.8,7.361
1,120,1.793,2537.3,2716.6,7.468
1,140,1.889,2567.8,2756.7,7.567
1,160,1.984,2598,2796.4,7.661
1,180,2.079,2628.1,2836,7.75
1,200,2.172,2658.2,2875.5,7.836
1,220,2.266,2688.4,2915,7.917
1,240,2.36,2718.7,2954.7,7.996
1,260,2.453,2749.2,2994.4,8.072
1,280,2.546,2779.8,3034.4,8.146
1,300,2.639,2810.7,3074.5,8.217
1,320,2.732,2841.7,3114.9,8.286
1,340,2.825,2873,3155.5,8.354
1,360,2.917,2904.5,3196.2,8.419
1,380,3.01,2936.3,3237.3,8.483
1,400,3.103,2968.3,3278.5,8.545
1,420,3.195,3000.5,3320.1,8.606
1,440,3.288,3033,3361.8,8.665
1,460,3.381,3065.8,3403.9,8.723
1,480,3.473,3098.8,3446.2,8.78
1,500,3.566,3132.2,3488.7,8.836
1,520,3.658,3165.7,3531.5,8.891
1,540,3.751,3199.6,3574.6,8.944
1,560,3.843,3233.7,3618,8.997
1,580,3.936,3268.1,3661.6,9.049
1,600,4.028,3302.8,3705.6,9.1
1,640,4.213,3373,3794.3,9.199
1,680,4.398,3444.3,3884.1,9.295
1,720,4.582,3516.7,3975,9.389
1,760,4.767,3590.3,4067,9.48
1,800,4.952,3665,4160.2,9.568
1.01325,0.01,0.001,0.001865,0.1032,0.00001
1.01325,20,0.001002,83.91,84.01,0.2965
1.01325,40,0.001008,167.5,167.6,0.5724
1.01325,60,0.001017,251.1,251.2,0.8312
1.01325,80,0.001029,334.9,335,1.075
1.01325,100,1.673,2506,2675.6,7.355
1.01325,120,1.77,2537.2,2716.5,7.461
1.01325,140,1.864,2567.7,2756.6,7.561
1.01325,160,1.958,2597.9,2796.3,7.655
1.01325,180,2.051,2628.1,2835.9,7.744
1.01325,200,2.144,2658.2,2875.4,7.829
1.01325,220,2.236,2688.4,2915,7.911
1.01325,240,2.329,2718.7,2954.6,7.99
1.01325,260,2.421,2749.1,2994.4,8.066
1.01325,280,2.512,2779.8,3034.4,8.14
1.01325,300,2.604,2810.6,3074.5,8.211
1.01325,320,2.696,2841.7,3114.9,8.28
1.01325,340,2.788,2873,3155.4,8.347
1.01325,360,2.879,2904.5,3196.2,8.413
1.01325,380,2.971,2936.2,3237.2,8.477
1.01325,400,3.062,2968.3,3278.5,8.539
1.01325,420,3.154,3000.5,3320,8.6
1.01325,440,3.245,3033,3361.8,8.659
1.01325,460,3.336,3065.8,3403.8,8.717
1.01325,480,3.428,3098.8,3446.1,8.774
1.01325,500,3.519,3132.1,3488.7,8.83
1.01325,520,3.61,3165.7,3531.5,8.885
1.01325,540,3.701,3199.6,3574.6,8.938
1.01325,560,3.793,3233.7,3618,8.991
1.01325,580,3.884,3268.1,3661.6,9.043
1.01325,600,3.975,3302.8,3705.6,9.094
1.01325,640,4.158,3373,3794.2,9.193
1.01325,680,4.34,3444.3,3884.1,9.289
1.01325,720,4.522,3516.7,3975,9.383
1.01325,760,4.705,3590.3,4067,9.474
1.01325,800,4.887,3665,4160.2,9.562
2,0.01,0.001,0.003688,0.2037,0.00001
2,20,0.001002,83.91,84.11,0.2965
2,40,0.001008,167.5,167.7,0.5724
2,60,0.001017,251.1,251.3,0.8311
2,80,0.001029,334.9,335.1,1.075
2,100,0.001043,419,419.2,1.307
2,120,0.00106,503.6,503.8,1.528
2,140,0.9353,2561.3,2748.3,7.231
2,160,0.9843,2592.8,2789.7,7.329
2,180,1.033,2623.9,2830.4,7.421
2,200,1.081,2654.7,2870.8,7.508
2,220,1.128,2685.4,2911,7.591
2,240,1.175,2716.1,2951.2,7.671
2,260,1.222,2746.9,2991.4,7.748
2,280,1.269,2777.8,3031.7,7.822
2,300,1.316,2808.8,3072.1,7.894
2,320,1.363,2840.1,3112.7,7.964
2,340,1.41,2871.5,3153.4,8.031
2,360,1.456,2903.1,3194.4,8.097
2,380,1.503,2935,3235.6,8.161
2,400,1.549,2967.1,3277,8.223
2,420,1.596,2999.5,3318.6,8.284
2,440,1.642,3032,3360.5,8.344
2,460,1.689,3064.9,3402.6,8.402
2,480,1.735,3098,3445,8.459
2,500,1.781,3131.3,3487.6,8.515
2,520,1.828,3165,3530.5,8.57
2,540,1.874,3198.9,3573.7,8.624
2,560,1.92,3233,3617.1,8.676
2,580,1.967,3267.5,3660.8,8.728
2,600,2.013,3302.2,3704.8,8.779
2,640,2.106,3372.4,3793.6,8.879
2,680,2.198,3443.8,3883.4,8.975
2,720,2.291,3516.3,3974.4,9.068
2,760,2.383,3589.9,4066.5,9.159
2,800,2.476,3664.7,4159.8,9.248
4,0.01,0.001,0.007365,0.4074,0.00003
4,20,0.001002,83.89,84.29,0.2964
4,40,0.001008,167.5,167.9,0.5723
4,60,0.001017,251.1,251.5,0.831
4,80,0.001029,334.8,335.2,1.075
4,100,0.001043,418.9,419.3,1.307
4,120,0.00106,503.5,503.9,1.528
4,140,0.00108,588.8,589.2,1.739
4,160,0.4839,2581.6,2775.2,6.983
4,180,0.5094,2614.9,2818.6,7.081
4,200,0.5343,2647.3,2861,7.172
4,220,0.5589,2679.1,2902.7,7.259
4,240,0.5831,2710.7,2944,7.341
4,260,0.6072,2742.2,2985.1,7.419
4,280,0.6311,2773.7,3026.1,7.495
4,300,0.6549,2805.2,3067.1,7.568
4,320,0.6786,2836.8,3108.2,7.638
4,340,0.7022,2868.5,3149.4,7.706
4,360,0.7257,2900.4,3190.7,7.773
4,380,0.7492,2932.5,3232.2,7.837
4,400,0.7726,2964.8,3273.9,7.9
4,420,0.796,2997.3,3315.7,7.961
4,440,0.8194,3030.1,3357.8,8.021
4,460,0.8428,3063,3400.1,8.08
4,480,0.8661,3096.3,3442.7,8.137
4,500,0.8894,3129.7,3485.5,8.193
4,520,0.9126,3163.5,3528.5,8.248
4,540,0.9359,3197.5,3571.8,8.302
4,560,0.9591,3231.7,3615.4,8.355
4,580,0.9824,3266.2,3659.2,8.407
4,600,1.006,3301,3703.2,8.458
4,640,1.052,3371.4,3792.2,8.558
4,680,1.098,3442.9,3882.2,8.654
4,720,1.145,3515.4,3973.3,8.748
4,760,1.191,3589.1,4065.5,8.839
4,800,1.237,3663.9,4158.9,8.927
6,0.01,0.001,0.011,0.611,0.00004
6,20,0.001002,83.88,84.48,0.2964
6,40,0.001008,167.5,168.1,0.5722
6,60,0.001017,251,251.6,0.8309
6,80,0.001029,334.8,335.4,1.075
6,100,0.001043,418.8,419.5,1.307
6,120,0.00106,503.4,504.1,1.527
6,140,0.00108,588.7,589.4,1.739
6,160,0.3167,2569,2759,6.766
6,180,0.3347,2605.2,2806,6.872
6,200,0.3521,2639.4,2850.7,6.968
6,220,0.369,2672.6,2894,7.058
6,240,0.3857,2705.2,2936.6,7.143
6,260,0.4021,2737.4,2978.6,7.223
6,280,0.4183,2769.4,3020.4,7.3
6,300,0.4344,2801.4,3062.1,7.374
6,320,0.4504,2833.4,3103.7,7.445
6,340,0.4663,2865.5,3145.3,7.514
6,360,0.4822,2897.6,3187,7.581
6,380,0.498,2930,3228.8,7.646
6,400,0.5137,2962.5,3270.7,7.71
6,420,0.5294,2995.2,3312.8,7.771
6,440,0.5451,3028.1,3355.1,7.831
6,460,0.5608,3061.2,3397.7,7.89
6,480,0.5764,3094.5,3440.4,7.948
6,500,0.592,3128.1,3483.3,8.004
6,520,0.6076,3162,3526.5,8.059
6,540,0.6232,3196,3569.9,8.113
6,560,0.6387,3230.4,3613.6,8.166
6,580,0.6542,3265,3657.5,8.218
6,600,0.6698,3299.8,3701.7,8.269
6,640,0.7008,3370.3,3790.8,8.369
6,680,0.7318,3441.9,3881,8.466
6,720,0.7627,3514.6,3972.2,8.56
6,760,0.7937,3588.3,4064.5,8.651
6,800,0.8246,3663.2,4157.9,8.739
8,0.01,0.001,0.0147,0.8145,0.00005
8,20,0.001001,83.87,84.67,0.2963
8,40,0.001008,167.4,168.2,0.5721
8,60,0.001017,251,251.8,0.8308
8,80,0.001029,334.7,335.5,1.075
8,100,0.001043,418.8,419.6,1.306
8,120,0.00106,503.4,504.2,1.527
8,140,0.001079,588.6,589.5,1.739
8,160,0.001102,674.8,675.7,1.943
8,180,0.2472,2594.7,2792.4,6.715
8,200,0.2609,2631.1,2839.8,6.818
8,220,0.274,2665.7,2885,6.911
8,240,0.2869,2699.4,2928.9,6.999
8,260,0.2995,2732.4,2972,7.081
8,280,0.3119,2765.1,3014.6,7.159
8,300,0.3242,2797.6,3056.9,7.235
8,320,0.3363,2830,3099.1,7.307
8,340,0.3484,2862.4,3141.1,7.377
8,360,0.3604,2894.9,3183.2,7.444
8,380,0.3724,2927.4,3225.3,7.51
8,400,0.3843,2960.1,3267.6,7.573
8,420,0.3961,2993,3309.9,7.635
8,440,0.408,3026.1,3352.5,7.696
8,460,0.4198,3059.3,3395.2,7.755
8,480,0.4316,3092.8,3438.1,7.813
8,500,0.4433,3126.5,3481.2,7.869
8,520,0.4551,3160.4,3524.5,7.924
8,540,0.4668,3194.6,3568,7.979
8,560,0.4785,3229,3611.8,8.032
8,580,0.4902,3263.7,3655.8,8.084
8,600,0.5019,3298.6,3700.1,8.135
8,640,0.5252,3369.3,3789.4,8.235
8,680,0.5485,3441,3879.7,8.332
8,720,0.5717,3513.7,3971.1,8.426
8,760,0.595,3587.6,4063.5,8.517
8,800,0.6182,3662.5,4157,8.606
10,0.01,0.001,0.01827,1.018,0.00007
10,20,0.001001,83.86,84.86,0.2963
10,40,0.001007,167.4,168.4,0.572
10,60,0.001017,251,252,0.8307
10,80,0.001029,334.7,335.7,1.075
10,100,0.001043,418.7,419.8,1.306
10,120,0.00106,503.3,504.3,1.527
10,140,0.001079,588.5,589.6,1.739
10,160,0.001102,674.7,675.8,1.942
10,180,0.1944,2583,2777.4,6.586
10,200,0.206,2622.3,2828.3,6.695
10,220,0.217,2658.6,2875.6,6.793
10,240,0.2276,2693.4,2921,6.884
10,260,0.2379,2727.4,2965.2,6.968
10,280,0.248,2760.7,3008.7,7.048
10,300,0.258,2793.7,3051.7,7.125
10,320,0.2678,2826.5,3094.4,7.198
10,340,0.2776,2859.3,3136.9,7.268
10,360,0.2873,2892.1,3179.4,7.337
10,380,0.297,2924.9,3221.9,7.403
10,400,0.3066,2957.8,3264.4,7.467
10,420,0.3162,2990.8,3307,7.529
10,440,0.3257,3024.1,3349.8,7.59
10,460,0.3352,3057.5,3392.7,7.649
10,480,0.3447,3091.1,3435.7,7.707
10,500,0.3541,3124.9,3479,7.764
10,520,0.3635,3158.9,3522.5,7.819
10,540,0.373,3193.2,3566.2,7.874
10,560,0.3824,3227.7,3610.1,7.927
10,580,0.3917,3262.4,3654.2,7.98
10,600,0.4011,3297.4,3698.6,8.031
10,640,0.4198,3368.2,3788,8.131
10,680,0.4385,3440,3878.5,8.228
10,720,0.4572,3512.8,3970,8.322
10,760,0.4758,3586.8,4062.5,8.413
10,800,0.4944,3661.8,4156.1,8.502
20,0.01,0.000999,0.03601,2.034,0.00013
20,20,0.001001,83.8,85.8,0.2961
20,40,0.001007,167.3,169.3,0.5717
20,60,0.001016,250.8,252.8,0.8302
20,80,0.001028,334.4,336.5,1.074
20,100,0.001042,418.4,420.5,1.306
20,120,0.001059,502.9,505.1,1.526
20,140,0.001079,588.1,590.3,1.738
20,160,0.001101,674.2,676.4,1.941
20,180,0.001127,761.4,763.7,2.138
20,200,0.001156,850.3,852.6,2.33
20,220,0.1022,2617.3,2821.7,6.387
20,240,0.1085,2660.2,2877.2,6.497
20,260,0.1144,2699.7,2928.5,6.595
20,280,0.12,2737.1,2977.2,6.685
20,300,0.1255,2773.2,3024.3,6.769
20,320,0.1308,2808.5,3070.2,6.847
20,340,0.136,2843.2,3115.3,6.922
20,360,0.1411,2877.6,3159.9,6.994
20,380,0.1462,2911.8,3204.2,7.063
20,400,0.1512,2945.8,3248.2,7.129
20,420,0.1562,2979.8,3292.2,7.193
20,440,0.1611,3013.9,3336.1,7.256
20,460,0.166,3048.1,3380,7.317
20,480,0.1708,3082.3,3424,7.376
20,500,0.1757,3116.7,3468.1,7.433
20,520,0.1805,3151.3,3512.3,7.49
20,540,0.1853,3186,3556.6,7.545
20,560,0.1901,3221,3601.2,7.599
20,580,0.1949,3256.1,3645.8,7.652
20,600,0.2,3291.5,3690.7,7.704
20,640,0.209,3362.9,3781.1,7.805
20,680,0.219,3435.2,3872.3,7.903
20,720,0.228,3508.5,3964.4,7.998
20,760,0.237,3582.8,4057.5,8.09
20,800,0.247,3658.1,4151.6,8.179
30,0.01,0.000999,0.05321,3.049,0.00019
30,20,0.001,83.74,86.74,0.2959
30,40,0.001007,167.2,170.2,0.5713
30,60,0.001016,250.6,253.7,0.8296
30,80,0.001028,334.2,337.3,1.073
30,100,0.001042,418.2,421.3,1.305
30,120,0.001059,502.6,505.8,1.525
30,140,0.001078,587.7,590.9,1.737
30,160,0.0011,673.7,677,1.94
30,180,0.001126,760.8,764.2,2.137
30,200,0.001155,849.5,853,2.329
30,220,0.001189,940.3,943.8,2.517
30,240,0.06823,2619.9,2824.6,6.228
30,260,0.07289,2667.8,2886.4,6.346
30,280,0.07716,2710.7,2942.2,6.449
30,300,0.08118,2750.8,2994.3,6.541
30,320,0.08502,2789.1,3044.2,6.627
30,340,0.08874,2826.2,3092.4,6.707
30,360,0.09235,2862.4,3139.5,6.782
30,380,0.0959,2898.1,3185.8,6.854
30,400,0.09938,2933.4,3231.6,6.923
30,420,0.1028,2968.5,3277,6.99
30,440,0.1062,3003.5,3322.1,7.054
30,460,0.1096,3038.5,3367.2,7.116
30,480,0.1129,3073.4,3412.1,7.177
30,500,0.1162,3108.5,3457,7.236
30,520,0.1195,3143.6,3502,7.293
30,540,0.1227,3178.8,3547,7.349
30,560,0.126,3214.2,3592.2,7.404
30,580,0.1292,3249.7,3637.4,7.458
30,600,0.1324,3285.5,3682.8,7.51
30,640,0.1389,3357.5,3774.1,7.612
30,680,0.1452,3430.4,3866.1,7.711
30,720,0.1516,3504.1,3958.8,7.806
30,760,0.1579,3578.8,4052.5,7.899
30,800,0.1642,3654.5,4147,7.989
40,0.01,0.000998,0.06989,4.063,0.00024
40,20,0.001,83.68,87.68,0.2957
40,40,0.001006,167.1,171.1,0.5709
40,60,0.001015,250.4,254.5,0.8291
40,80,0.001027,334,338.1,1.073
40,100,0.001041,417.9,422,1.304
40,120,0.001058,502.2,506.5,1.524
40,140,0.001077,587.3,591.6,1.736
40,160,0.0011,673.2,677.6,1.939
40,180,0.001125,760.2,764.7,2.135
40,200,0.001154,848.8,853.4,2.327
40,220,0.001188,939.3,944.1,2.515
40,240,0.001228,1032.7,1037.6,2.7
40,260,0.05178,2630.1,2837.2,6.138
40,280,0.05549,2680.9,2902.9,6.259
40,300,0.05887,2726.2,2961.7,6.364
40,320,0.06202,2768.2,3016.3,6.458
40,340,0.06502,2808.1,3068.1,6.544
40,360,0.0679,2846.5,3118.1,6.624
40,380,0.0707,2883.9,3166.7,6.699
40,400,0.07343,2920.6,3214.4,6.771
40,420,0.07611,2956.9,3261.4,6.84
40,440,0.07874,2992.9,3307.9,6.906
40,460,0.08134,3028.7,3354,6.97
40,480,0.0839,3064.4,3400,7.032
40,500,0.08644,3100.1,3445.8,7.092
40,520,0.08896,3135.8,3491.6,7.15
40,540,0.09146,3171.5,3537.3,7.207
40,560,0.09394,3207.4,3583.1,7.263
40,580,0.0964,3243.3,3628.9,7.317
40,600,0.09886,3279.4,3674.8,7.37
40,640,0.1037,3352.1,3767,7.474
40,680,0.1086,3425.5,3859.8,7.573
40,720,0.1134,3499.7,3953.2,7.669
40,760,0.1182,3574.8,4047.4,7.762
40,800,0.1229,3650.8,4142.5,7.852
50,0.01,0.000998,0.08604,5.074,0.00029
50,20,0.001,83.62,88.61,0.2955
50,40,0.001006,166.9,172,0.5705
50,60,0.001015,250.3,255.3,0.8286
50,80,0.001027,333.8,338.9,1.072
50,100,0.001041,417.6,422.8,1.303
50,120,0.001058,501.9,507.2,1.523
50,140,0.001077,586.8,592.2,1.734
50,160,0.001099,672.7,678.1,1.938
50,180,0.001124,759.6,765.2,2.134
50,200,0.001153,848,853.8,2.325
50,220,0.001187,938.4,944.4,2.513
50,240,0.001227,1031.5,1037.7,2.698
50,260,0.001275,1128.4,1134.8,2.884
50,280,0.04227,2646.7,2858.1,6.091
50,300,0.04535,2698.9,2925.6,6.211
50,320,0.04813,2745.5,2986.2,6.315
50,340,0.05073,2788.7,3042.4,6.408
50,360,0.05319,2829.7,3095.6,6.493
50,380,0.05555,2869.1,3146.8,6.573
50,400,0.05784,2907.4,3196.6,6.648
50,420,0.06007,2945,3245.3,6.719
50,440,0.06225,2982,3293.3,6.788
50,460,0.06439,3018.7,3340.7,6.853
50,480,0.0665,3055.2,3387.7,6.917
50,500,0.06858,3091.6,3434.5,6.978
50,520,0.07064,3127.8,3481.1,7.037
50,540,0.07268,3164.1,3527.5,7.095
50,560,0.0747,3200.4,3574,7.152
50,580,0.07671,3236.8,3620.4,7.207
50,600,0.0787,3273.3,3666.8,7.26
50,640,0.08265,3346.7,3759.9,7.365
50,680,0.08657,3420.6,3853.5,7.465
50,720,0.09045,3495.3,3947.6,7.562
50,760,0.09431,3570.8,4042.4,7.655
50,800,0.09815,3647.1,4137.9,7.746
60,0.01,0.000997,0.10167,6.085,0.00034
60,20,0.000999,83.55,89.55,0.2952
60,40,0.001005,166.8,172.8,0.5701
60,60,0.001014,250.1,256.2,0.828
60,80,0.001026,333.5,339.7,1.071
60,100,0.00104,417.3,423.5,1.302
60,120,0.001057,501.5,507.9,1.523
60,140,0.001076,586.4,592.9,1.733
60,160,0.001098,672.1,678.7,1.936
60,180,0.001123,759,765.7,2.133
60,200,0.001152,847.3,854.2,2.324
60,220,0.001186,937.6,944.7,2.511
60,240,0.001225,1030.4,1037.8,2.696
60,260,0.001273,1127,1134.6,2.881
60,280,0.0332,2606,2805.2,5.928
60,300,0.03619,2668.3,2885.5,6.07
60,320,0.03878,2720.9,2953.5,6.187
60,340,0.04114,2768.1,3014.9,6.289
60,360,0.04334,2811.9,3072,6.38
60,380,0.04542,2853.6,3126.1,6.465
60,400,0.04742,2893.6,3178.2,6.543
60,420,0.04936,2932.6,3228.8,6.617
60,440,0.05124,2970.9,3278.3,6.688
60,460,0.05308,3008.5,3327,6.755
60,480,0.05489,3045.9,3375.2,6.82
60,500,0.05667,3082.9,3422.9,6.882
60,520,0.05843,3119.8,3470.4,6.943
60,540,0.06016,3156.7,3517.6,7.002
60,560,0.06188,3193.5,3564.7,7.059
60,580,0.06358,3230.3,3611.8,7.115
60,600,0.06526,3267.2,3658.8,7.169
60,640,0.0686,3341.2,3752.8,7.275
60,680,0.0719,3415.7,3847.1,7.376
60,720,0.07517,3490.9,3941.9,7.473
60,760,0.07842,3566.8,4037.3,7.567
60,800,0.08164,3643.4,4133.3,7.658
70,0.01,0.000997,0.11679,7.094,0.00038
70,20,0.000999,83.49,90.48,0.295
70,40,0.001005,166.7,173.7,0.5697
70,60,0.001014,249.9,257,0.8275
70,80,0.001026,333.3,340.5,1.071
70,100,0.00104,417,424.3,1.302
70,120,0.001057,501.2,508.6,1.522
70,140,0.001076,586,593.5,1.732
70,160,0.001097,671.6,679.3,1.935
70,180,0.001122,758.4,766.2,2.131
70,200,0.001151,846.6,854.6,2.322
70,220,0.001184,936.7,945,2.509
70,240,0.001224,1029.3,1037.9,2.694
70,260,0.001271,1125.6,1134.5,2.879
70,280,0.001331,1227,1236.3,3.066
70,300,0.02949,2633.4,2839.8,5.934
70,320,0.03201,2693.8,2917.9,6.067
70,340,0.03423,2745.9,2985.5,6.18
70,360,0.03626,2793.2,3047,6.278
70,380,0.03816,2837.3,3104.4,6.368
70,400,0.03996,2879.4,3159.1,6.45
70,420,0.04169,2919.9,3211.8,6.527
70,440,0.04337,2959.4,3263,6.6
70,460,0.045,2998.1,3313.1,6.669
70,480,0.04659,3036.3,3362.5,6.736
70,500,0.04816,3074.1,3411.3,6.8
70,520,0.0497,3111.7,3459.6,6.861
70,540,0.05121,3149.1,3507.6,6.921
70,560,0.05271,3186.4,3555.4,6.979
70,580,0.0542,3223.7,3603.1,7.036
70,600,0.05566,3261,3650.6,7.091
70,640,0.05857,3335.7,3745.6,7.197
70,680,0.06143,3410.8,3840.8,7.299
70,720,0.06426,3486.4,3936.2,7.397
70,760,0.06706,3562.7,4032.2,7.492
70,800,0.06985,3639.7,4128.7,7.584
80,0.01,0.000996,0.13139,8.101,0.00042
80,20,0.000998,83.43,91.42,0.2948
80,40,0.001004,166.6,174.6,0.5693
80,60,0.001014,249.7,257.8,0.827
80,80,0.001025,333.1,341.3,1.07
80,100,0.001039,416.7,425,1.301
80,120,0.001056,500.8,509.3,1.521
80,140,0.001075,585.6,594.2,1.731
80,160,0.001097,671.1,679.9,1.934
80,180,0.001122,757.8,766.8,2.13
80,200,0.00115,845.9,855.1,2.321
80,220,0.001183,935.8,945.3,2.507
80,240,0.001222,1028.3,1038,2.692
80,260,0.001269,1124.2,1134.3,2.876
80,280,0.001328,1225.2,1235.8,3.063
80,300,0.02428,2592.1,2786.4,5.794
80,320,0.02684,2663.6,2878.4,5.951
80,340,0.02899,2721.9,2953.9,6.077
80,360,0.03092,2773.3,3020.6,6.184
80,380,0.03268,2820.3,3081.8,6.279
80,400,0.03435,2864.5,3139.3,6.366
80,420,0.03593,2906.8,3194.2,6.446
80,440,0.03745,2947.6,3247.3,6.522
80,460,0.03893,2987.5,3298.9,6.593
80,480,0.04036,3026.6,3349.5,6.661
80,500,0.04177,3065.2,3399.4,6.726
80,520,0.04315,3103.5,3448.6,6.789
80,540,0.0445,3141.5,3497.5,6.85
80,560,0.04584,3179.3,3546,6.909
80,580,0.04716,3217,3594.3,6.966
80,600,0.04846,3254.7,3642.4,7.022
80,640,0.05104,3330.1,3738.4,7.13
80,680,0.05357,3405.8,3834.4,7.232
80,720,0.05607,3481.9,3930.5,7.331
80,760,0.05855,3558.6,4027,7.427
80,800,0.06101,3636,4124,7.519
90,0.01,0.000996,0.1455,9.107,0.00046
90,20,0.000998,83.37,92.35,0.2946
90,40,0.001004,166.5,175.5,0.5689
90,60,0.001013,249.6,258.7,0.8265
90,80,0.001025,332.9,342.1,1.07
90,100,0.001039,416.4,425.8,1.3
90,120,0.001055,500.5,510,1.52
90,140,0.001074,585.2,594.8,1.73
90,160,0.001096,670.7,680.5,1.933
90,180,0.001121,757.2,767.3,2.129
90,200,0.001149,845.1,855.5,2.319
90,220,0.001182,934.9,945.6,2.506
90,240,0.001221,1027.2,1038.2,2.69
90,260,0.001267,1122.8,1134.2,2.873
90,280,0.001325,1223.4,1235.3,3.059
90,300,0.001402,1331.6,1344.3,3.253
90,320,0.02271,2629.5,2833.9,5.835
90,340,0.02486,2695.8,2919.6,5.977
90,360,0.02672,2752,2992.5,6.094
90,380,0.0284,2802.4,3058,6.196
90,400,0.02996,2849.1,3118.8,6.287
90,420,0.03144,2893.2,3176.1,6.371
90,440,0.03284,2935.5,3231.1,6.45
90,460,0.0342,2976.6,3284.4,6.523
90,480,0.03551,3016.7,3336.3,6.593
90,500,0.0368,3056.2,3387.3,6.66
90,520,0.03805,3095.1,3437.6,6.724
90,540,0.03928,3133.7,3487.2,6.786
90,560,0.04049,3172.1,3536.5,6.846
90,580,0.04168,3210.3,3585.4,6.904
90,600,0.04286,3248.4,3634.2,6.96
90,640,0.04518,3324.6,3731.2,7.069
90,680,0.04746,3400.8,3828,7.173
90,720,0.04971,3477.4,3924.8,7.272
90,760,0.05193,3554.5,4021.9,7.368
90,800,0.05413,3632.2,4119.4,7.461
100,0.01,0.000995,0.1591,10.11,0.00049
100,20,0.000997,83.31,93.29,0.2944
100,40,0.001003,166.3,176.4,0.5685
100,60,0.001013,249.4,259.5,0.8259
100,80,0.001024,332.6,342.9,1.069
100,100,0.001038,416.2,426.5,1.299
100,120,0.001055,500.2,510.7,1.519
100,140,0.001074,584.8,595.5,1.729
100,160,0.001095,670.2,681.1,1.932
100,180,0.00112,756.6,767.8,2.127
100,200,0.001148,844.4,855.9,2.318
100,220,0.001181,934.1,945.9,2.504
100,240,0.001219,1026.1,1038.3,2.688
100,260,0.001265,1121.5,1134.1,2.871
100,280,0.001323,1221.6,1234.8,3.056
100,300,0.001398,1329.1,1343.1,3.248
100,320,0.01927,2589.9,2782.7,5.713
100,340,0.02149,2667.2,2882.1,5.878
100,360,0.02333,2729.3,2962.6,6.007
100,380,0.02495,2783.6,3033.1,6.117
100,400,0.02644,2833,3097.4,6.214
100,420,0.02783,2879.2,3157.5,6.302
100,440,0.02915,2923.1,3214.6,6.383
100,460,0.03041,2965.4,3269.5,6.459
100,480,0.03163,3006.6,3322.9,6.531
100,500,0.03281,3046.9,3375.1,6.599
100,520,0.03397,3086.6,3426.3,6.665
100,540,0.0351,3125.9,3476.9,6.728
100,560,0.03621,3164.8,3526.9,6.789
100,580,0.0373,3203.5,3576.5,6.847
100,600,0.03838,3242.1,3625.8,6.905
100,640,0.04049,3319,3723.9,7.014
100,680,0.04257,3395.8,3821.5,7.119
100,720,0.04461,3472.9,3919,7.219
100,760,0.04663,3550.4,4016.7,7.316
100,800,0.04862,3628.5,4114.7,7.409
120,0.01,0.000994,0.1847,12.12,0.00055
120,20,0.000996,83.19,95.15,0.2939
120,40,0.001003,166.1,178.1,0.5678
120,60,0.001012,249.1,261.2,0.8249
120,80,0.001023,332.2,344.5,1.068
120,100,0.001038,415.6,428.1,1.298
120,120,0.001054,499.5,512.1,1.517
120,140,0.001073,583.9,596.8,1.727
120,160,0.001094,669.2,682.3,1.929
120,180,0.001118,755.4,768.9,2.125
120,200,0.001146,843,856.8,2.315
120,220,0.001179,932.4,946.5,2.5
120,240,0.001216,1024,1038.6,2.683
120,260,0.001262,1118.8,1134,2.866
120,280,0.001317,1218.1,1233.9,3.05
120,300,0.00139,1324.3,1340.9,3.24
120,320,0.001494,1442.4,1460.3,3.444
120,340,0.01621,2598.9,2793.5,5.672
120,360,0.01812,2678.4,2895.9,5.837
120,380,0.01971,2742.6,2979.1,5.966
120,400,0.02111,2798.6,3051.9,6.076
120,420,0.02239,2849.6,3118.2,6.173
120,440,0.02358,2897.1,3180.1,6.261
120,460,0.02471,2942.3,3238.8,6.343
120,480,0.02579,2985.8,3295.2,6.418
120,500,0.02683,3028,3350,6.49
120,520,0.02784,3069.3,3403.4,6.558
120,540,0.02882,3109.9,3455.8,6.624
120,560,0.02978,3150,3507.4,6.686
120,580,0.03072,3189.8,3558.4,6.747
120,600,0.03165,3229.2,3609,6.806
120,640,0.03346,3307.6,3709.2,6.918
120,680,0.03523,3385.7,3808.5,7.024
120,720,0.03697,3463.8,3907.5,7.126
120,760,0.03868,3542.2,4006.4,7.223
120,800,0.04037,3621,4105.4,7.318
140,0.01,0.000993,0.2084,14.11,0.00059
140,20,0.000996,83.07,97.01,0.2935
140,40,0.001002,165.9,179.9,0.567
140,60,0.001011,248.7,262.9,0.8238
140,80,0.001023,331.7,346.1,1.066
140,100,0.001037,415.1,429.6,1.296
140,120,0.001053,498.8,513.5,1.516
140,140,0.001071,583.1,598.1,1.725
140,160,0.001093,668.2,683.5,1.927
140,180,0.001117,754.3,769.9,2.122
140,200,0.001144,841.6,857.7,2.312
140,220,0.001176,930.7,947.2,2.497
140,240,0.001213,1022,1039,2.679
140,260,0.001258,1116.3,1133.9,2.861
140,280,0.001312,1214.8,1233.1,3.044
140,300,0.001382,1319.6,1339,3.231
140,320,0.00148,1435.2,1455.9,3.432
140,340,0.012,2504.4,2672.4,5.429
140,360,0.01423,2617.2,2816.4,5.661
140,380,0.01587,2696.1,2918.3,5.819
140,400,0.01724,2760.9,3002.2,5.946
140,420,0.01846,2817.7,3076.1,6.054
140,440,0.01958,2869.5,3143.6,6.15
140,460,0.02062,2918,3206.7,6.237
140,480,0.0216,2964.1,3266.5,6.318
140,500,0.02255,3008.4,3324.1,6.393
140,520,0.02345,3051.5,3379.8,6.464
140,540,0.02433,3093.5,3434.2,6.532
140,560,0.02519,3134.9,3487.5,6.597
140,580,0.02602,3175.7,3540.1,6.659
140,600,0.02684,3216.1,3591.9,6.719
140,640,0.02844,3296.1,3694.3,6.834
140,680,0.03,3375.5,3795.4,6.942
140,720,0.03151,3454.6,3895.8,7.045
140,760,0.03301,3533.9,3995.9,7.144
140,800,0.03448,3613.4,4096,7.239
160,0.01,0.000992,0.2302,16.11,0.00061
160,20,0.000995,82.95,98.87,0.293
160,40,0.001001,165.6,181.7,0.5662
160,60,0.00101,248.4,264.5,0.8228
160,80,0.001022,331.3,347.6,1.065
160,100,0.001036,414.5,431.1,1.295
160,120,0.001052,498.1,515,1.514
160,140,0.00107,582.3,599.5,1.723
160,160,0.001091,667.3,684.7,1.925
160,180,0.001115,753.2,771,2.12
160,200,0.001143,840.3,858.6,2.309
160,220,0.001174,929,947.8,2.494
160,240,0.001211,1019.9,1039.3,2.675
160,260,0.001254,1113.7,1133.8,2.856
160,280,0.001307,1211.5,1232.5,3.038
160,300,0.001375,1315.2,1337.2,3.224
160,320,0.001467,1428.5,1451.9,3.42
160,340,0.001616,1561.4,1587.3,3.645
160,360,0.01106,2538.7,2715.6,5.462
160,380,0.01288,2642.2,2848.3,5.668
160,400,0.01428,2719,2947.5,5.818
160,420,0.01548,2783.2,3030.9,5.94
160,440,0.01655,2840.2,3105,6.045
160,460,0.01753,2892.5,3173,6.139
160,480,0.01845,2941.5,3236.7,6.225
160,500,0.01932,2988.1,3297.3,6.305
160,520,0.02016,3033.1,3355.6,6.379
160,540,0.02096,3076.7,3412.1,6.449
160,560,0.02174,3119.4,3467.3,6.516
160,580,0.0225,3161.4,3521.4,6.581
160,600,0.02324,3202.8,3574.6,6.642
160,640,0.02467,3284.5,3679.2,6.759
160,680,0.02607,3365.2,3782.2,6.87
160,720,0.02742,3445.4,3884.1,6.975
160,760,0.02875,3525.5,3985.5,7.075
160,800,0.03006,3605.7,4086.6,7.171
180,0.01,0.000991,0.2501,18.09,0.00063
180,20,0.000994,82.83,100.7,0.2926
180,40,0.001,165.4,183.4,0.5654
180,60,0.001009,248.1,266.2,0.8218
180,80,0.001021,330.9,349.2,1.064
180,100,0.001035,414,432.6,1.293
180,120,0.001051,497.5,516.4,1.512
180,140,0.001069,581.5,600.8,1.721
180,160,0.00109,666.3,685.9,1.923
180,180,0.001114,752,772.1,2.117
180,200,0.001141,838.9,859.5,2.306
180,220,0.001172,927.4,948.5,2.49
180,240,0.001208,1018,1039.7,2.671
180,260,0.001251,1111.3,1133.8,2.851
180,280,0.001302,1208.4,1231.8,3.032
180,300,0.001368,1311,1335.6,3.216
180,320,0.001456,1422.2,1448.4,3.409
180,340,0.001591,1550.1,1578.7,3.625
180,360,0.004624,2145.8,2233.9,4.658
180,380,0.01042,2577.4,2764.9,5.505
180,400,0.01191,2671.8,2886.3,5.688
180,420,0.01312,2745.7,2981.9,5.828
180,440,0.01417,2808.9,3064,5.945
180,460,0.01512,2865.6,3137.7,6.047
180,480,0.01599,2917.9,3205.7,6.138
180,500,0.01681,2967.1,3269.7,6.222
180,520,0.01759,3014.1,3330.7,6.3
180,540,0.01833,3059.5,3389.5,6.373
180,560,0.01905,3103.6,3446.6,6.443
180,580,0.01975,3146.8,3502.4,6.509
180,600,0.02043,3189.3,3557,6.572
180,640,0.02174,3272.7,3664,6.692
180,680,0.02301,3354.7,3768.9,6.804
180,720,0.02424,3436,3872.3,6.911
180,760,0.02544,3517.1,3975,7.012
180,800,0.02662,3598.1,4077.2,7.109
200,0.01,0.00099,0.268,20.08,0.00062
200,20,0.000993,82.71,102.6,0.2921
200,40,0.000999,165.2,185.2,0.5646
200,60,0.001008,247.7,267.9,0.8207
200,80,0.00102,330.4,350.8,1.062
200,100,0.001034,413.4,434.1,1.292
200,120,0.00105,496.8,517.8,1.51
200,140,0.001068,580.7,602.1,1.719
200,160,0.001089,665.4,687.2,1.92
200,180,0.001112,750.9,773.2,2.115
200,200,0.001139,837.6,860.4,2.303
200,220,0.00117,925.8,949.2,2.487
200,240,0.001205,1016,1040.1,2.668
200,260,0.001247,1108.9,1133.8,2.847
200,280,0.001298,1205.3,1231.3,3.026
200,300,0.001361,1306.9,1334.1,3.209
200,320,0.001445,1416.4,1445.3,3.399
200,340,0.001569,1540.1,1571.5,3.608
200,360,0.002365,1834.4,1876.1,4.101
200,380,0.008258,2494,2659.2,5.314
200,400,0.00995,2617.8,2816.8,5.552
200,420,0.0112,2704.5,2928.5,5.716
200,440,0.01225,2775.3,3020.3,5.847
200,460,0.01317,2837.2,3100.6,5.958
200,480,0.01401,2893.2,3173.4,6.056
200,500,0.01479,2945.3,3241.2,6.145
200,520,0.01553,2994.6,3305.2,6.226
200,540,0.01623,3041.8,3366.4,6.303
200,560,0.0169,3087.5,3425.6,6.374
200,580,0.01755,3132,3483,6.443
200,600,0.01818,3175.5,3539.2,6.508
200,640,0.0194,3260.7,3648.7,6.63
200,680,0.02056,3344.2,3755.5,6.745
200,720,0.02169,3426.6,3860.5,6.853
200,760,0.02279,3508.6,3964.4,6.955
200,800,0.02387,3590.4,4067.7,7.053
220,0.01,0.000989,0.2842,22.05,0.00061
220,20,0.000992,82.59,104.4,0.2916
220,40,0.000998,165,186.9,0.5639
220,60,0.001008,247.4,269.6,0.8197
220,80,0.001019,330,352.4,1.061
220,100,0.001033,412.9,435.6,1.29
220,120,0.001049,496.2,519.2,1.509
220,140,0.001067,580,603.4,1.718
220,160,0.001087,664.5,688.4,1.918
220,180,0.001111,749.8,774.2,2.112
220,200,0.001137,836.3,861.3,2.3
220,220,0.001168,924.3,949.9,2.484
220,240,0.001203,1014.1,1040.6,2.664
220,260,0.001244,1106.5,1133.9,2.842
220,280,0.001293,1202.4,1230.8,3.021
220,300,0.001355,1303,1332.8,3.202
220,320,0.001435,1410.9,1442.5,3.39
220,340,0.001551,1531.2,1565.3,3.593
220,360,0.002047,1768.2,1803.9,3.987
220,380,0.004125,2183.2,2279.4,4.7
220,400,0.008255,2554.2,2735.8,5.405
220,420,0.009588,2659,2869.9,5.602
220,440,0.01065,2739.3,2973.6,5.749
220,460,0.01156,2807.2,3061.6,5.871
220,480,0.01238,2867.5,3139.9,5.976
220,500,0.01314,2922.8,3211.8,6.07
220,520,0.01384,2974.5,3279,6.156
220,540,0.01451,3023.7,3342.9,6.236
220,560,0.01514,3071,3404.1,6.31
220,580,0.01575,3116.8,3463.4,6.381
220,600,0.01635,3161.6,3521.2,6.448
220,640,0.01748,3248.6,3633.2,6.573
220,680,0.01856,3333.5,3742,6.69
220,720,0.01961,3417.2,3848.6,6.799
220,760,0.02063,3500.1,3953.8,6.903
220,800,0.02162,3582.6,4058.2,7.002
250,0.01,0.000988,0.3049,25,0.00056
250,20,0.000991,82.41,107.18,0.2909
250,40,0.000997,164.6,189.5,0.5627
250,60,0.001006,246.9,272.1,0.8181
250,80,0.001018,329.4,354.8,1.059
250,100,0.001031,412.1,437.9,1.288
250,120,0.001047,495.2,521.4,1.506
250,140,0.001065,578.8,605.4,1.715
250,160,0.001085,663.1,690.2,1.915
250,180,0.001108,748.2,775.9,2.108
250,200,0.001135,834.4,862.7,2.296
250,220,0.001164,921.9,951.1,2.479
250,240,0.001199,1011.3,1041.3,2.658
250,260,0.001239,1103.1,1134.1,2.835
250,280,0.001287,1198.1,1230.2,3.012
250,300,0.001346,1297.4,1331.1,3.192
250,320,0.001421,1403.2,1438.7,3.376
250,340,0.001526,1519.3,1557.5,3.573
250,360,0.001858,1714.6,1750.4,3.897
250,380,0.002749,1987.1,2052.8,4.35
250,400,0.005284,2372.9,2510.3,5.03
250,420,0.007579,2580,2769.4,5.42
250,440,0.008697,2679.6,2897.1,5.601
250,460,0.009617,2758.8,2999.2,5.743
250,480,0.01042,2826.6,3087.1,5.861
250,500,0.01114,2887.4,3165.9,5.964
250,520,0.01181,2943.2,3238.5,6.057
250,540,0.01244,2995.7,3306.6,6.142
250,560,0.01303,3045.6,3371.3,6.22
250,580,0.01359,3093.6,3433.5,6.294
250,600,0.01414,3140.2,3493.7,6.364
250,640,0.01518,3230.2,3609.7,6.494
250,680,0.01617,3317.4,3721.5,6.614
250,720,0.01711,3402.8,3830.6,6.726
250,760,0.01803,3487.2,3937.9,6.832
250,800,0.01892,3570.9,4044,6.932
300,0.01,0.000986,0.3308,29.9,0.00043
300,20,0.000989,82.12,111.8,0.2897
300,40,0.000995,164.1,193.9,0.5607
300,60,0.001004,246.1,276.2,0.8156
300,80,0.001016,328.3,358.8,1.056
300,100,0.001029,410.8,441.7,1.284
300,120,0.001045,493.6,525,1.502
300,140,0.001062,576.9,608.8,1.71
300,160,0.001082,660.8,693.3,1.91
300,180,0.001105,745.5,778.7,2.102
300,200,0.00113,831.2,865.1,2.289
300,220,0.001159,918.2,953,2.471
300,240,0.001193,1006.8,1042.6,2.649
300,260,0.001231,1097.6,1134.6,2.825
300,280,0.001277,1191.3,1229.6,3
300,300,0.001332,1288.7,1328.7,3.176
300,320,0.001401,1391.5,1433.5,3.355
300,340,0.001493,1502.3,1547.1,3.544
300,360,0.001715,1663.3,1704.5,3.811
300,380,0.002165,1867.2,1922,4.145
300,400,0.002937,2093.3,2180.3,4.518
300,420,0.004566,2371.7,2512.3,4.999
300,440,0.006228,2562,2748.9,5.342
300,460,0.007193,2668,2883.8,5.528
300,480,0.007992,2752.2,2992,5.674
300,500,0.00869,2824.1,3084.8,5.796
300,520,0.00932,2888.1,3167.7,5.901
300,540,0.009899,2946.7,3243.7,5.996
300,560,0.01044,3001.6,3314.8,6.083
300,580,0.01095,3053.6,3382.3,6.163
300,600,0.01144,3103.5,3446.9,6.237
300,640,0.01237,3198.9,3569.9,6.375
300,680,0.01324,3290.1,3687.2,6.501
300,720,0.01406,3378.6,3800.5,6.617
300,760,0.01486,3465.5,3911.3,6.727
300,800,0.01563,3551.4,4020.2,6.83
400,0.01,0.000981,0.3511,39.6,-0.00008
400,20,0.000985,81.52,120.9,0.2872
400,40,0.000991,163,202.6,0.5568
400,60,0.001,244.6,284.6,0.8105
400,80,0.001011,326.3,366.8,1.05
400,100,0.001024,408.3,449.3,1.277
400,120,0.00104,490.6,532.2,1.494
400,140,0.001057,573.3,615.6,1.701
400,160,0.001076,656.5,699.6,1.899
400,180,0.001098,740.5,784.4,2.091
400,200,0.001122,825.2,870.1,2.276
400,220,0.00115,911.1,957.1,2.456
400,240,0.001181,998.4,1045.6,2.632
400,260,0.001217,1087.4,1136.1,2.805
400,280,0.001259,1178.8,1229.1,2.976
400,300,0.001308,1273.1,1325.4,3.147
400,320,0.001368,1371.3,1426,3.319
400,340,0.001443,1474.8,1532.5,3.496
400,360,0.001581,1605.1,1660.1,3.713
400,380,0.001805,1757.9,1816.6,3.962
400,400,0.002102,1913.8,1987.5,4.213
400,420,0.002518,2077.6,2174.1,4.475
400,440,0.003138,2254.3,2381.2,4.761
400,460,0.004149,2447.4,2613.3,5.084
400,480,0.00495,2579.2,2777.2,5.305
400,500,0.005625,2681.7,2906.7,5.475
400,520,0.006213,2766.9,3015.4,5.613
400,540,0.00674,2841.1,3110.7,5.732
400,560,0.007221,2907.8,3196.7,5.837
400,580,0.007669,2969.3,3276,5.931
400,600,0.008089,3026.9,3350.4,6.017
400,640,0.008869,3134.1,3488.8,6.172
400,680,0.009589,3234,3617.6,6.31
400,720,0.01026,3329.4,3740,6.436
400,760,0.01091,3421.7,3857.9,6.552
400,800,0.01152,3511.9,3972.8,6.661
500,0.01,0.000977,0.3323,49.17,-0.00087
500,20,0.00098,80.93,130,0.2845
500,40,0.000987,161.9,211.3,0.5528
500,60,0.000996,243.1,292.9,0.8054
500,80,0.001007,324.4,374.7,1.044
500,100,0.00102,405.9,456.9,1.27
500,120,0.001035,487.7,539.4,1.486
500,140,0.001052,569.8,622.4,1.692
500,160,0.00107,652.4,706,1.889
500,180,0.001091,735.6,790.2,2.079
500,200,0.001115,819.6,875.3,2.263
500,220,0.001141,904.4,961.5,2.441
500,240,0.001171,990.5,1049,2.615
500,260,0.001204,1078.1,1138.3,2.786
500,280,0.001243,1167.5,1229.7,2.954
500,300,0.001288,1259.3,1323.7,3.121
500,320,0.001341,1354.2,1421.2,3.289
500,340,0.001405,1452.8,1523.1,3.457
500,360,0.001507,1568.4,1637.2,3.651
500,380,0.001656,1698.3,1768.3,3.863
500,400,0.001838,1829.3,1908.6,4.072
500,420,0.002065,1962.6,2056.8,4.282
500,440,0.002355,2099.8,2213.5,4.496
500,460,0.002741,2242.4,2379.6,4.72
500,480,0.003277,2391.7,2556.8,4.957
500,500,0.003889,2528,2722.5,5.176
500,520,0.004417,2636.5,2857.4,5.348
500,540,0.004896,2728.4,2973.2,5.492
500,560,0.005332,2808.8,3075.4,5.617
500,580,0.005734,2881,3167.7,5.726
500,600,0.006109,2947.2,3252.6,5.825
500,640,0.006796,3067.4,3407.2,5.998
500,680,0.007422,3176.9,3548,6.149
500,720,0.008004,3279.5,3679.6,6.284
500,760,0.008552,3377.4,3805,6.408
500,800,0.009074,3472.3,3926,6.523
600,0.01,0.000972,0.2777,58.63,-0.00193
600,20,0.000977,80.35,138.9,0.2818
600,40,0.000983,160.9,219.9,0.5489
600,60,0.000992,241.6,301.1,0.8004
600,80,0.001003,322.5,382.7,1.038
600,100,0.001016,403.5,464.5,1.263
600,120,0.00103,484.8,546.7,1.478
600,140,0.001047,566.5,629.3,1.683
600,160,0.001065,648.5,712.4,1.879
600,180,0.001085,731,796.2,2.068
600,200,0.001108,814.2,880.7,2.251
600,220,0.001133,898.2,966.2,2.428
600,240,0.001161,983.2,1052.8,2.6
600,260,0.001193,1069.4,1141,2.769
600,280,0.001229,1157.3,1231,2.934
600,300,0.00127,1247,1323.3,3.098
600,320,0.001318,1339.2,1418.3,3.261
600,340,0.001374,1434.2,1516.7,3.424
600,360,0.001457,1541.1,1623.1,3.604
600,380,0.001569,1657.8,1740.6,3.794
600,400,0.001701,1775.1,1864.6,3.982
600,420,0.001856,1893.4,1994.1,4.167
600,440,0.002042,2013.3,2128.8,4.352
600,460,0.00227,2135.4,2268.6,4.539
600,480,0.002555,2260.1,2413.7,4.73
600,500,0.002922,2388,2564.6,4.926
600,520,0.003361,2512.3,2713.9,5.119
600,540,0.003762,2617.2,2842.9,5.28
600,560,0.004142,2709.6,2958.1,5.42
600,580,0.004499,2792.1,3062,5.543
600,600,0.004834,2866.9,3157,5.653
600,640,0.005447,3000.4,3327.3,5.844
600,680,0.006003,3119.6,3479.8,6.007
600,720,0.006518,3229.5,3620.6,6.152
600,760,0.007,3333.2,3753.2,6.283
600,800,0.007457,3432.7,3880.2,6.403
700,0.01,0.000968,0.1902,67.97,-0.00323
700,20,0.000973,79.76,147.9,0.279
700,40,0.00098,159.9,228.4,0.5449
700,60,0.000989,240.2,309.4,0.7955
700,80,0.000999,320.7,390.6,1.032
700,100,0.001012,401.3,472.1,1.257
700,120,0.001026,482.1,554,1.47
700,140,0.001042,563.3,636.2,1.674
700,160,0.00106,644.8,718.9,1.87
700,180,0.001079,726.7,802.2,2.058
700,200,0.001101,809.1,886.2,2.239
700,220,0.001125,892.3,971,2.415
700,240,0.001152,976.3,1056.9,2.586
700,260,0.001182,1061.4,1144.1,2.752
700,280,0.001216,1147.8,1232.9,2.916
700,300,0.001254,1235.9,1323.7,3.077
700,320,0.001298,1325.9,1416.7,3.237
700,340,0.001349,1418.1,1512.5,3.395
700,360,0.001419,1519.1,1613.7,3.565
700,380,0.001509,1627.2,1722.8,3.742
700,400,0.001613,1735.6,1836.8,3.916
700,420,0.001731,1844.5,1955,4.086
700,440,0.001868,1954.2,2076.9,4.255
700,460,0.002028,2065,2202.2,4.422
700,480,0.002219,2177,2330.9,4.591
700,500,0.002449,2290.5,2462.9,4.761
700,520,0.002732,2405.5,2598.3,4.933
700,540,0.003067,2518.7,2733.4,5.103
700,560,0.003378,2617.6,2854.1,5.25
700,580,0.003683,2707.3,2965.1,5.382
700,600,0.003975,2789.3,3067.5,5.5
700,640,0.00452,2934.8,3251.2,5.706
700,680,0.005018,3063.1,3414.4,5.881
700,720,0.005478,3180.2,3563.6,6.034
700,760,0.005909,3289.5,3703.1,6.172
700,800,0.006317,3393.6,3835.8,6.298
800,0.01,0.000964,0.0725,77.22,-0.00476
800,20,0.000969,79.19,156.7,0.2761
800,40,0.000976,158.9,237,0.5409
800,60,0.000985,238.8,317.6,0.7905
800,80,0.000996,318.9,398.5,1.026
800,100,0.001008,399.1,479.8,1.25
800,120,0.001022,479.5,561.3,1.463
800,140,0.001037,560.2,643.2,1.666
800,160,0.001054,641.2,725.5,1.861
800,180,0.001074,722.5,808.4,2.048
800,200,0.001095,804.3,891.8,2.228
800,220,0.001118,886.7,976.1,2.402
800,240,0.001143,969.8,1061.3,2.572
800,260,0.001172,1053.9,1147.7,2.737
800,280,0.001204,1139.1,1235.4,2.898
800,300,0.00124,1225.7,1324.9,3.057
800,320,0.00128,1313.8,1416.3,3.214
800,340,0.001327,1403.8,1509.9,3.369
800,360,0.001388,1500.4,1607.4,3.532
800,380,0.001464,1602.5,1710.7,3.7
800,400,0.001549,1704.7,1818,3.863
800,420,0.001645,1807.1,1928.5,4.023
800,440,0.001754,1909.9,2041.9,4.181
800,460,0.001877,2013.2,2158,4.337
800,480,0.00202,2117.2,2276.4,4.492
800,500,0.002186,2222,2397.1,4.647
800,520,0.002382,2327.5,2519.8,4.801
800,540,0.002616,2433.9,2644.8,4.957
800,560,0.002885,2538.2,2769,5.11
800,580,0.003135,2631.2,2882,5.244
800,600,0.003384,2717.4,2988.1,5.367
800,640,0.003861,2872.1,3181,5.583
800,680,0.004306,3008.5,3352.9,5.768
800,720,0.00472,3132.1,3509.7,5.929
800,760,0.005108,3246.7,3655.3,6.073
800,800,0.005476,3355.2,3793.3,6.204
1000,0.01,0.000957,-0.2439,95.43,-0.00844
1000,20,0.000962,78.04,174.2,0.27
1000,40,0.000969,157,253.9,0.5329
1000,60,0.000978,236.2,334,0.7808
1000,80,0.000988,315.5,414.4,1.015
1000,100,0.001,395,495,1.237
1000,120,0.001014,474.6,576,1.449
1000,140,0.001028,554.4,657.2,1.65
1000,160,0.001045,634.4,738.9,1.843
1000,180,0.001063,714.7,820.9,2.028
1000,200,0.001083,795.3,903.5,2.207
1000,220,0.001104,876.3,986.7,2.379
1000,240,0.001128,957.9,1070.7,2.546
1000,260,0.001154,1040.2,1155.6,2.708
1000,280,0.001183,1123.3,1241.6,2.866
1000,300,0.001215,1207.4,1328.9,3.022
1000,320,0.00125,1292.7,1417.7,3.174
1000,340,0.00129,1379.1,1508.1,3.324
1000,360,0.001339,1469.6,1600.6,3.477
1000,380,0.001398,1563.5,1696.5,3.632
1000,400,0.001462,1657.5,1795.2,3.782
1000,420,0.001532,1751.3,1896,3.929
1000,440,0.001609,1845.1,1998.7,4.073
1000,460,0.001694,1939.1,2103.3,4.214
1000,480,0.001789,2033.2,2209.4,4.354
1000,500,0.001895,2127.6,2316.8,4.491
1000,520,0.002015,2222.1,2425.3,4.627
1000,540,0.00215,2316.8,2534.8,4.762
1000,560,0.002305,2411.7,2645.3,4.896
1000,580,0.002484,2506.8,2756.8,5.031
1000,600,0.002672,2597.8,2865.1,5.158
1000,640,0.003026,2761.2,3063.8,5.381
1000,680,0.003376,2907.7,3245.3,5.575
1000,720,0.003712,3041.7,3413,5.748
1000,760,0.004031,3165.5,3568.6,5.901
1000,800,0.004336,3281.6,3715.2,6.04